Object #,TGV Volume (voxels),Void Volume (voxels),Ratio TGV/Void
1,3333164,397365,8.3882
2,3361766,413092,8.1381
3,3321616,401988,8.2630
4,3371669,394366,8.5496
5,891602,59822,14.9042
6,3331013,405813,8.2082
7,2065767,239529,8.6243
8,3201876,332303,9.6354
9,3203087,381080,8.4053
10,3219843,359390,8.9592
11,3294113,389590,8.4553
12,3197615,356524,8.9689
13,3214428,355902,9.0318
14,3174192,365442,8.6859
15,3187545,375299,8.4933
16,3201625,361593,8.8542
17,3190671,400513,7.9665
18,3203608,398578,8.0376
19,3211375,368664,8.7108
